id;entry_json;category;timestamp
1;yippee oof lest;HINT_GENERATION;2025-06-10T07:59:17
2;phew slow;EXERCISE_GENERATION;2025-06-09T19:10:49
3;carelessly floss orchid;CODE_ASSESSMENT;2025-06-10T05:11:02
4;lashes gosh;HINT_GENERATION;2025-06-09T18:37:26
5;foolhardy barring testify;HINT_GENERATION;2025-06-10T15:00:46
6;possession circa apud;CODE_ASSESSMENT;2025-06-10T05:28:48
7;meh reclassify;CODE_ASSESSMENT;2025-06-10T03:12:58
8;per miserably through;HINT_GENERATION;2025-06-09T19:32:11
9;squeaky;HINT_GENERATION;2025-06-10T15:15:50
10;remarkable preregister;EXERCISE_GENERATION;2025-06-09T19:46:27
