id;model_name;organization;provider;api_key;base_url;license
1;leap intent granular;jive;sunder grandson massage;irresponsible;eek;dandelion
2;selfishly;questioningly now beneath;except cantaloupe psst;hastily yummy jot;but putrid next;where hm progress
3;gah collectivization failing;gah;if um;foolishly reorganisation;far uh-huh;vanadyl
4;duh provided when;fishery;settler rural;lest wherever;how;brr
5;satirize;hmph;down ew;aha;veto thick edible;excluding serene
6;gerbil;greedily honesty aside;orange mousse;psst gadzooks forenenst;under against;rightfully
7;kissingly whoa;profane;the ready scrap;adventurously eminent;presume;frenetically
8;nor;upliftingly boo promptly;amount definitive;unique since though;greedily;with
9;oh;eek quintuple scrutinise;gosh offensively ew;as;abaft;honestly given ribbon
10;accidentally however;mechanically make;outfox;overfeed anenst;so optimistically;crank squeaky
